{
    "0": {
        "precision": 0.8892307692307693,
        "recall": 0.8140845070422535,
        "f1-score": 0.85,
        "support": 355.0
    },
    "1": {
        "precision": 0.8867924528301887,
        "recall": 0.9349005424954792,
        "f1-score": 0.9102112676056338,
        "support": 553.0
    },
    "accuracy": 0.8876651982378855,
    "macro avg": {
        "precision": 0.888011611030479,
        "recall": 0.8744925247688664,
        "f1-score": 0.8801056338028168,
        "support": 908.0
    },
    "weighted avg": {
        "precision": 0.8877457593524422,
        "recall": 0.8876651982378855,
        "f1-score": 0.8866705187069552,
        "support": 908.0
    }
}