{
    "MothersQualification": 1.091807170495462,
    "FathersQualification": 1.0756236401371204,
    "MothersOccupation": -0.0488393864959038,
    "FathersOccupation": -0.2804924605775016,
    "CurricularUnits1stSemCredited": 2.5215554652028715,
    "CurricularUnits1stSemEnrolled": 1.813920029061789,
    "CurricularUnits1stSemEvaluations": 0.6833637416750195,
    "CurricularUnits1stSemApproved": 1.9177554513571016,
    "CurricularUnits1stSemGrade": 0.5725390685975954,
    "CurricularUnits2ndSemCredited": 1.1956938200922778,
    "CurricularUnits2ndSemEnrolled": 0.3109465003452963,
    "CurricularUnits2ndSemEvaluations": -0.1925224682896972,
    "CurricularUnits2ndSemApproved": 0.7848163428370591,
    "CurricularUnits2ndSemGrade": 0.6171603220166149
}