{
    "0": {
        "precision": 0.9166666666666666,
        "recall": 0.8056338028169014,
        "f1-score": 0.8575712143928036,
        "support": 355.0
    },
    "1": {
        "precision": 0.8842281879194631,
        "recall": 0.9529837251356239,
        "f1-score": 0.917319408181027,
        "support": 553.0
    },
    "accuracy": 0.8953744493392071,
    "macro avg": {
        "precision": 0.9004474272930649,
        "recall": 0.8793087639762627,
        "f1-score": 0.8874453112869153,
        "support": 908.0
    },
    "weighted avg": {
        "precision": 0.8969106328041075,
        "recall": 0.8953744493392071,
        "f1-score": 0.8939597068651467,
        "support": 908.0
    }
}